id,first_name,last_name,email,instagram_uname,gender
1,Arty,Matzkaitis,amatzkaitis0@wunderground.com,amatzkaitis0,Male
2,Lissie,O'Hanlon,lohanlon1@topsy.com,lohanlon1,Female
3,Ag,Fever,afever2@hatena.ne.jp,afever2,Female
4,Karlan,Skittrell,kskittrell3@umich.edu,kskittrell3,Male
5,Dode,Murkin,dmurkin4@mayoclinic.com,dmurkin4,Female
6,Bamby,Demschke,bdemschke5@google.com.au,bdemschke5,Female
7,Chelsey,Eilhersen,ceilhersen6@xrea.com,ceilhersen6,Female
8,Samson,Atwool,satwool7@people.com.cn,satwool7,Male
9,Holly,Wiggett,hwiggett8@netlog.com,hwiggett8,Male
10,Rutter,Scrivin,rscrivin9@wordpress.com,rscrivin9,Male
11,Octavia,Lafford,olafforda@noaa.gov,olafforda,Female
12,Reeva,Brusby,rbrusbyb@wsj.com,rbrusbyb,Female
13,Faina,Trayte,ftraytec@weather.com,ftraytec,Female
14,Nicolai,MacAndie,nmacandied@discovery.com,nmacandied,Male
15,Chelsea,Bugs,cbugse@desdev.cn,cbugse,Female
16,Joelie,Franz,jfranzf@hugedomains.com,jfranzf,Female
17,Crystie,Stanfield,cstanfieldg@alexa.com,cstanfieldg,Female
18,Fairlie,Lace,flaceh@free.fr,flaceh,Male
19,Austin,Rydeard,arydeardi@bandcamp.com,arydeardi,Female
20,Neale,Scoble,nscoblej@unc.edu,nscoblej,Male
21,Eolande,Schruyers,eschruyersk@bloglovin.com,eschruyersk,Female
22,Lindon,Filipic,lfilipicl@theglobeandmail.com,lfilipicl,Male
23,Bengt,Clarke-Williams,bclarkewilliamsm@mlb.com,bclarkewilliamsm,Male
24,Antonie,Cowoppe,acowoppen@uiuc.edu,acowoppen,Female
25,Darrel,Collumbell,dcollumbello@answers.com,dcollumbello,Male
26,Erie,Geistmann,egeistmannp@yahoo.co.jp,egeistmannp,Male
27,Goddard,Battrick,gbattrickq@multiply.com,gbattrickq,Male
28,Tina,Raynham,traynhamr@macromedia.com,traynhamr,Female
29,Hamnet,Shynn,hshynns@census.gov,hshynns,Male
30,Skipp,Pettigrew,spettigrewt@examiner.com,spettigrewt,Male
31,Misha,Rameau,mrameauu@csmonitor.com,mrameauu,Female
32,Richard,Darnborough,rdarnboroughv@blogger.com,rdarnboroughv,Male
33,Linette,Wharin,lwharinw@psu.edu,lwharinw,Female
34,Daryl,Shoorbrooke,dshoorbrookex@ftc.gov,dshoorbrookex,Female
35,Elena,Dyton,edytony@yahoo.com,edytony,Female
36,Didi,Noirel,dnoirelz@instagram.com,dnoirelz,Female
37,Hastie,Dallaway,hdallaway10@is.gd,hdallaway10,Male
38,Jule,Foulser,jfoulser11@webmd.com,jfoulser11,Male
39,Godfree,Southorn,gsouthorn12@google.pl,gsouthorn12,Male
40,Rowen,Pagon,rpagon13@bandcamp.com,rpagon13,Male
41,Daune,Nutty,dnutty14@virginia.edu,dnutty14,Female
42,Anastassia,Pinkerton,apinkerton15@marriott.com,apinkerton15,Female
43,Harriott,Campbell-Dunlop,hcampbelldunlop16@fc2.com,hcampbelldunlop16,Female
44,Jacenta,Coleiro,jcoleiro17@japanpost.jp,jcoleiro17,Female
45,Niki,Bottomer,nbottomer18@washingtonpost.com,nbottomer18,Female
46,Mel,Molloy,mmolloy19@wufoo.com,mmolloy19,Female
47,Mervin,Kitching,mkitching1a@mysql.com,mkitching1a,Male
48,Ronalda,Bootland,rbootland1b@reverbnation.com,rbootland1b,Female
49,Humfried,Pennrington,hpennrington1c@wp.com,hpennrington1c,Male
50,Abby,Pleavin,apleavin1d@bizjournals.com,apleavin1d,Male
51,Joey,Talloe,jtalloe1e@webs.com,jtalloe1e,Male
52,Jerome,Kenner,jkenner1f@constantcontact.com,jkenner1f,Male
53,Clari,Croneen,ccroneen1g@hhs.gov,ccroneen1g,Female
54,Isidoro,Swannell,iswannell1h@dot.gov,iswannell1h,Male
55,Immanuel,Cowle,icowle1i@dell.com,icowle1i,Male
56,Spike,Petschelt,spetschelt1j@cargocollective.com,spetschelt1j,Male
57,Kathrine,Ferrone,kferrone1k@abc.net.au,kferrone1k,Female
58,Lorilee,Capon,lcapon1l@istockphoto.com,lcapon1l,Female
59,Bradford,Woods,bwoods1m@geocities.jp,bwoods1m,Male
60,Adele,Scouler,ascouler1n@jugem.jp,ascouler1n,Female
61,William,MacIlhagga,wmacilhagga1o@prnewswire.com,wmacilhagga1o,Male
62,Melinda,Fesby,mfesby1p@arizona.edu,mfesby1p,Female
63,Hunter,Sach,hsach1q@cbsnews.com,hsach1q,Male
64,Munmro,Bayns,mbayns1r@smugmug.com,mbayns1r,Male
65,Luce,Lodeke,llodeke1s@springer.com,llodeke1s,Male
66,Gianina,Macrae,gmacrae1t@paginegialle.it,gmacrae1t,Female
67,Hollyanne,Bonicelli,hbonicelli1u@nps.gov,hbonicelli1u,Female
68,Gottfried,Bartolacci,gbartolacci1v@imageshack.us,gbartolacci1v,Male
69,Annabel,Archley,aarchley1w@tinyurl.com,aarchley1w,Female
70,Liam,Gretham,lgretham1x@si.edu,lgretham1x,Male
71,Heinrik,Mankor,hmankor1y@usda.gov,hmankor1y,Male
72,Keenan,Ferrieroi,kferrieroi1z@flickr.com,kferrieroi1z,Male
73,Maryanna,Henriet,mhenriet20@abc.net.au,mhenriet20,Female
74,Barny,Clows,bclows21@over-blog.com,bclows21,Agender
75,Annabal,Willcox,awillcox22@123-reg.co.uk,awillcox22,Female
76,Dante,Bradie,dbradie23@nbcnews.com,dbradie23,Male
77,Webb,Loble,wloble24@sfgate.com,wloble24,Male
78,Vernen,Ranyelld,vranyelld25@twitpic.com,vranyelld25,Male
79,Brig,McBlain,bmcblain26@wix.com,bmcblain26,Male
80,Elsworth,Nuccii,enuccii27@tmall.com,enuccii27,Male
81,Farrell,MacGillreich,fmacgillreich28@elegantthemes.com,fmacgillreich28,Male
82,Lorelle,Haslock(e),lhaslocke29@gizmodo.com,lhaslocke29,Female
83,Bern,Tummasutti,btummasutti2a@rambler.ru,btummasutti2a,Genderqueer
84,Debera,Cripps,dcripps2b@hexun.com,dcripps2b,Female
85,Jacob,Skittles,jskittles2c@uol.com.br,jskittles2c,Male
86,Dayle,Dielhenn,ddielhenn2d@bbb.org,ddielhenn2d,Female
87,Giff,Woodhall,gwoodhall2e@japanpost.jp,gwoodhall2e,Male
88,Elisha,Tanfield,etanfield2f@cyberchimps.com,etanfield2f,Female
89,Ernst,Lievesley,elievesley2g@sun.com,elievesley2g,Male
90,Cherry,Waterson,cwaterson2h@tripadvisor.com,cwaterson2h,Female
91,Merwyn,Oliver,moliver2i@networksolutions.com,moliver2i,Male
92,Cecile,De Malchar,cdemalchar2j@lulu.com,cdemalchar2j,Female
93,Kiah,MacDonell,kmacdonell2k@nymag.com,kmacdonell2k,Female
94,Langsdon,Stark,lstark2l@berkeley.edu,lstark2l,Male
95,Gibbie,McGenis,gmcgenis2m@mashable.com,gmcgenis2m,Male
96,Vevay,Polglaze,vpolglaze2n@a8.net,vpolglaze2n,Female
97,Alvie,Bastone,abastone2o@scientificamerican.com,abastone2o,Male
98,Blaire,Pennini,bpennini2p@senate.gov,bpennini2p,Female
99,Alys,Leedal,aleedal2q@parallels.com,aleedal2q,Female
100,Maire,Mongan,mmongan2r@yellowpages.com,mmongan2r,Female
101,Sile,Brabben,sbrabben2s@t-online.de,sbrabben2s,Female
102,Martie,Byneth,mbyneth2t@360.cn,mbyneth2t,Male
103,Emily,Braime,ebraime2u@dyndns.org,ebraime2u,Female
104,Brook,Askin,baskin2v@wunderground.com,baskin2v,Male
105,Horton,Meneghelli,hmeneghelli2w@nifty.com,hmeneghelli2w,Male
106,Denys,Liddard,dliddard2x@google.pl,dliddard2x,Male
107,Hazel,Poskitt,hposkitt2y@bravesites.com,hposkitt2y,Female
108,Aurelia,Eastop,aeastop2z@constantcontact.com,aeastop2z,Female
109,Annette,Minto,aminto30@yale.edu,aminto30,Female
110,Amber,Symcox,asymcox31@artisteer.com,asymcox31,Female
111,Randene,Abad,rabad32@slashdot.org,rabad32,Female
112,Krissie,Loughren,kloughren33@shinystat.com,kloughren33,Female
113,Kylen,Woolmore,kwoolmore34@indiegogo.com,kwoolmore34,Female
114,Clyve,Ackerley,cackerley35@forbes.com,cackerley35,Male
115,Mariellen,Skillern,mskillern36@dailymotion.com,mskillern36,Female
116,Stefania,Mirams,smirams37@behance.net,smirams37,Female
117,Layney,MacGarrity,lmacgarrity38@domainmarket.com,lmacgarrity38,Female
118,Floyd,Castelletto,fcastelletto39@posterous.com,fcastelletto39,Male
119,Cynthy,Work,cwork3a@soundcloud.com,cwork3a,Female
120,Ginny,Bearns,gbearns3b@privacy.gov.au,gbearns3b,Female
121,Prentice,Eyeington,peyeington3c@squidoo.com,peyeington3c,Male
122,Thorsten,Linney,tlinney3d@vinaora.com,tlinney3d,Male
123,Hanny,Lindenstrauss,hlindenstrauss3e@blogtalkradio.com,hlindenstrauss3e,Female
124,Tedd,Critoph,tcritoph3f@blinklist.com,tcritoph3f,Male
125,Judah,Husby,jhusby3g@state.tx.us,jhusby3g,Agender
126,Chandal,Denyakin,cdenyakin3h@ucoz.ru,cdenyakin3h,Female
127,Tommy,Charter,tcharter3i@odnoklassniki.ru,tcharter3i,Female
128,Osbourne,Houltham,ohoultham3j@miitbeian.gov.cn,ohoultham3j,Male
129,Jedediah,Hucker,jhucker3k@cyberchimps.com,jhucker3k,Male
130,Darsey,McGillecole,dmcgillecole3l@reverbnation.com,dmcgillecole3l,Female
131,Pascale,Offiler,poffiler3m@unblog.fr,poffiler3m,Male
132,Benton,O'Teague,boteague3n@ft.com,boteague3n,Male
133,Sydel,Dibnah,sdibnah3o@list-manage.com,sdibnah3o,Female
134,Maryjane,Poter,mpoter3p@hatena.ne.jp,mpoter3p,Female
135,Ludovico,McGeaney,lmcgeaney3q@creativecommons.org,lmcgeaney3q,Male
136,Baxy,Lappin,blappin3r@wordpress.com,blappin3r,Genderfluid
137,Cortie,Snarr,csnarr3s@foxnews.com,csnarr3s,Male
138,Vikky,Rayworth,vrayworth3t@dagondesign.com,vrayworth3t,Female
139,Elonore,Passe,epasse3u@blogtalkradio.com,epasse3u,Female
140,Erina,Larrosa,elarrosa3v@dropbox.com,elarrosa3v,Female
141,Iorgos,Aldhouse,ialdhouse3w@jalbum.net,ialdhouse3w,Male
142,Domenic,Chaddock,dchaddock3x@eepurl.com,dchaddock3x,Male
143,Elroy,Strowther,estrowther3y@posterous.com,estrowther3y,Male
144,Fidel,Ewers,fewers3z@google.nl,fewers3z,Male
145,Adamo,Growden,agrowden40@cyberchimps.com,agrowden40,Male
146,Bondy,Noteyoung,bnoteyoung41@oakley.com,bnoteyoung41,Male
147,Dillon,Beddon,dbeddon42@cmu.edu,dbeddon42,Male
148,Kevan,Risso,krisso43@1688.com,krisso43,Male
149,Noella,Unitt,nunitt44@earthlink.net,nunitt44,Agender
150,Colas,Rastall,crastall45@mysql.com,crastall45,Male
151,Kylynn,McOrkill,kmcorkill46@sphinn.com,kmcorkill46,Female
152,Hadleigh,Sarsfield,hsarsfield47@theatlantic.com,hsarsfield47,Male
153,Martyn,McGlashan,mmcglashan48@hubpages.com,mmcglashan48,Male
154,Benedetta,Shorey,bshorey49@sohu.com,bshorey49,Female
155,Celestyna,Rosier,crosier4a@seesaa.net,crosier4a,Nonbinary
156,Jammie,Dossantos,jdossantos4b@aboutads.info,jdossantos4b,Female
157,Ruben,Eyre,reyre4c@fema.gov,reyre4c,Male
158,Wye,Beumant,wbeumant4d@homestead.com,wbeumant4d,Male
159,Peirce,Lante,plante4e@homestead.com,plante4e,Male
160,Bobbette,Eighteen,beighteen4f@alexa.com,beighteen4f,Female
161,Valdemar,Risby,vrisby4g@earthlink.net,vrisby4g,Male
162,Derick,McIlvenny,dmcilvenny4h@histats.com,dmcilvenny4h,Male
163,Bendicty,Farland,bfarland4i@free.fr,bfarland4i,Male
164,Gracia,Rudeyeard,grudeyeard4j@msn.com,grudeyeard4j,Female
165,Erhart,Sexten,esexten4k@weebly.com,esexten4k,Male
166,Giavani,Dollimore,gdollimore4l@e-recht24.de,gdollimore4l,Male
167,Lilla,Moden,lmoden4m@cloudflare.com,lmoden4m,Female
168,Fulvia,Romanin,fromanin4n@yellowbook.com,fromanin4n,Female
169,Arabela,Giannini,agiannini4o@ehow.com,agiannini4o,Female
170,Saraann,Isworth,sisworth4p@fastcompany.com,sisworth4p,Female
171,Wilbert,Rosson,wrosson4q@amazon.com,wrosson4q,Male
172,Shanon,Benterman,sbenterman4r@facebook.com,sbenterman4r,Female
173,Gwennie,Laba,glaba4s@bluehost.com,glaba4s,Female
174,Jarrad,De Freyne,jdefreyne4t@google.es,jdefreyne4t,Male
175,Rachele,Ollivierre,rollivierre4u@japanpost.jp,rollivierre4u,Genderfluid
176,Sigrid,Learmond,slearmond4v@zdnet.com,slearmond4v,Female
177,Jaclin,Alkin,jalkin4w@pbs.org,jalkin4w,Female
178,Darius,Flavelle,dflavelle4x@1und1.de,dflavelle4x,Male
179,Trescha,Esche,tesche4y@sohu.com,tesche4y,Female
180,Gilda,Gyenes,ggyenes4z@qq.com,ggyenes4z,Female
181,Zollie,Alpes,zalpes50@naver.com,zalpes50,Male
182,Jamie,Dakhno,jdakhno51@arizona.edu,jdakhno51,Polygender
183,Alano,Iliff,ailiff52@vinaora.com,ailiff52,Male
184,Claudine,Kraft,ckraft53@toplist.cz,ckraft53,Female
185,Karolina,Simonian,ksimonian54@ow.ly,ksimonian54,Agender
186,Kimberli,Paterson,kpaterson55@xinhuanet.com,kpaterson55,Female
187,Reade,Buck,rbuck56@networkadvertising.org,rbuck56,Male
188,Ashil,Ethington,aethington57@uiuc.edu,aethington57,Female
189,Rowland,Broderick,rbroderick58@seesaa.net,rbroderick58,Male
190,Barnie,Levicount,blevicount59@princeton.edu,blevicount59,Male
191,Cosetta,Swadon,cswadon5a@trellian.com,cswadon5a,Female
192,Van,Picopp,vpicopp5b@ox.ac.uk,vpicopp5b,Female
193,Mylo,Spellard,mspellard5c@uol.com.br,mspellard5c,Polygender
194,Donica,Kliner,dkliner5d@cargocollective.com,dkliner5d,Genderqueer
195,Pippy,McManamon,pmcmanamon5e@marketwatch.com,pmcmanamon5e,Female
196,Lindsay,Cove,lcove5f@plala.or.jp,lcove5f,Female
197,Geoffrey,Satyford,gsatyford5g@globo.com,gsatyford5g,Male
198,Kelci,Beardsdale,kbeardsdale5h@seesaa.net,kbeardsdale5h,Female
199,Tansy,Maile,tmaile5i@seesaa.net,tmaile5i,Female
200,Corri,McAtamney,cmcatamney5j@google.com,cmcatamney5j,Female
